<Freehand><SliceParameters SliceSpacing="-0.3464 -0.3464 0" SliceOrigin="110.848 153.455 0" SliceExtent="0 639 0 479 0 0" NumScalarComponents="1"/><OutputParameters OutputSpacing="0.6928 0.6928 0.6928" OutputOrigin="-139.677 300 -139.677" OutputExtent="0 402 0 239 0 402"/><ClippingParameters ClipRectangle="-1e+008 -1e+008 1e+008 1e+008"/><FanParameters FanAngles="-44 44" FanOrigin="0 0" FanDepth="121.24"/><ReconstructionOptions Interpolation="Linear" Optimization="On" Compounding="On"/><SpatialCalibration CalibrationMatrix="1 0 0 0 0 1 0 0 0 0 1 0 0 0 0 1"/><TemporalCalibration VideoLag="0.032"/><RotationOptions Rotation="Off" MaxRotationChange="20" Threshold1="0" Threshold2="55" ShiftX="-5" ShiftY="0" ImageFlipped="On"/><BufferOptions FrameSize="640 480 1" VideoFrameRate="30" VideoBufferSize="100" TrackerBufferSize="1000" SignalBoxSleepInterval="5"/><TriggeringParameters Triggering="On" Gating="Retrospective" NumOutputVolumes="2"/><SignalBox NumPhases="2"/><CheckHeartRateParameters CheckHeartRate="Off" ECGMonitoringTime="5" NumECGTrials="5" PercentIncreaseHRAllowed="1.5" PercentDecreasedHRAllowed="20" MeanHR="0"/><UseSelectPhasesParameters UseSelectPhases="Off" NumSignalBoxPhases="2" MapPhaseToOutputVolume="0 1"/></Freehand>